Company,Symbol,Industry,Offer Date,Shares (millions),Offer Price,1st Day Close,Current Price,Return,SCOOP Rating
"MiNK Therapeutics, Inc.",INKT,Health Care,10/15/21,3.3,$12.00,$12.00,$12.00,0.00%,S/O
"Paragon 28, Inc.",FNA,Health Care,10/15/21,7.8,$16.00,$18.71,$18.71,16.94%,S/O
"GitLab, Inc.",GTLB,Technology,10/14/21,10.4,$77.00,$103.89,$115.00,49.35%,S/O
IHS Holding Limited,IHS,Industrials,10/14/21,18,$21.00,$17.00,$16.69,-20.52%,S/O
Lucid Diagnostics Inc.,LUCD,Health Care,10/14/21,5,$14.00,$11.76,$9.35,-33.21%,S/O
"AvidXchange Holdings, Inc.",AVDX,Technology,10/13/21,26.4,$25.00,$24.94,$23.36,-6.56%,S/O
"Cognition Therapeutics, Inc.",CGTX,Health Care,10/8/21,3.4,$12.00,$12.77,$11.90,-0.83%,S/O
IsoPlexis Corp.,ISO,Health Care,10/8/21,8.3,$15.00,$11.52,$11.90,-20.67%,S/O
"Pyxis Oncology, Inc.",PYXS,Health Care,10/8/21,10.5,$16.00,$13.20,$11.77,-26.44%,S/O
"Life Time Group Holdings, Inc.",LTH,Consumer Services,10/7/21,39,$18.00,$17.75,$16.96,-5.78%,S/O
"THESEUS PHARMACEUTICALS, INC.",THRX,Health Care,10/7/21,10,$16.00,$18.58,$16.01,0.06%,S/O
Nuvei Corp.,NVEI,Technology,10/6/21,3,$123.14,$129.80,$125.99,2.31%,S/O
"Volcon, Inc.",VLCN,Industrials,10/6/21,3,$5.50,$10.86,$8.28,50.55%,S/O
Exscientia plc,EXAI,Health Care,10/1/21,13.9,$22.00,$0.00,$21.04,-4.36%,S/O
"First Watch Restaurant Group, Inc.",FWRG,Consumer Services,10/1/21,9.5,$18.00,$0.00,$21.59,19.94%,S/O
TDCX Inc.,TDCX,Technology,10/1/21,19.4,$18.00,$0.00,$24.95,38.61%,S/O
"Olaplex Holdings, Inc.",OLPX,Consumer Goods,9/30/21,73.7,$21.00,$24.50,$24.85,18.33%,S/O
Hennessy Capital Investment Corp. VI,HCVIU,Blank Check,9/29/21,30,$10.00,$0.00,$9.96,-0.40%,S/O
MELI Kaszek Pioneer Corp.,MEKA,Blank Check,9/29/21,25,$10.00,$0.00,$12.86,28.60%,S/O
Warby Parker Inc.,WRBY,Consumer Goods,9/29/21,77.7,$40.00,$54.49,$54.75,36.88%,S/O
"Amplitude, Inc.",AMPL,Technology,9/28/21,35.4,$50.00,$54.80,$56.02,12.04%,S/O
"Clearwater Analytics Holdings, Inc.",CWAN,Technology,9/24/21,30,$18.00,$25.37,$24.36,35.33%,S/O
Cue Health Inc.,HLTH,Health Care,9/24/21,12.5,$16.00,$20.00,$10.70,-33.13%,S/O
Argo Blockchain Plc,ARBK,Technology,9/23/21,7.5,$15.00,$16.75,$16.92,12.80%,S/O
"Brilliant Earth Group, Inc.",BRLT,Industrials,9/23/21,8.3,$12.00,$17.12,$13.73,14.42%,S/O
"ENGAGESMART, INC.",ESMT,Technology,9/23/21,14.6,$26.00,$34.12,$32.28,24.15%,S/O
"Remitly Global, Inc.",RELY,Technology,9/23/21,12.2,$43.00,$48.45,$40.20,-6.51%,S/O
"Sovos Brands, Inc.",SOVO,Industrials,9/23/21,23.3,$12.00,$13.52,$14.17,18.08%,S/O
Sterling Check Corp.,STER,Technology,9/23/21,14.3,$23.00,$26.90,$25.60,11.30%,S/O
Thorne HealthTech,THRN,Consumer Goods,9/23/21,7,$10.00,$7.55,$8.02,-19.80%,S/O
a.k.a. Brands Holding Corp.,AKA,Consumer Goods,9/22/21,10,$11.00,$9.99,$8.52,-22.55%,S/O
Freshworks,FRSH,Technology,9/22/21,28.5,$36.00,$47.55,$41.45,15.14%,S/O
"Toast, Inc.",TOST,Technology,9/22/21,21.7,$40.00,$62.51,$56.21,40.53%,S/O
VersaBank,VBNK,Financials,9/22/21,5.5,$10.00,$10.50,$11.76,17.60%,S/O
"Enact Holdings, Inc. (formerly Genworth Mortgage Holdings, Inc.)",ACT,Financials,9/16/21,13.3,$19.00,$20.49,$21.56,13.47%,S/O
"ForgeRock, Inc.",FORG,Technology,9/16/21,11,$25.00,$36.50,$33.82,35.28%,S/O
Aesther Healthcare Acquisition Corp.,AEHAU,Blank Check,9/15/21,10,$10.00,$10.06,$10.12,1.20%,S/O
Definitive Healthcare Corp.,DH,Technology,9/15/21,15.6,$27.00,$43.29,$42.30,56.67%,S/O
"DICE Therapeutics, Inc.",DICE,Health Care,9/15/21,12,$17.00,$36.89,$26.70,57.06%,S/O
Dutch Bros Inc.,BROS,Consumer Goods,9/15/21,21.1,$23.00,$36.68,$53.03,130.57%,S/O
"EzFill Holdings, Inc.",EZFL,Consumer Services,9/15/21,6.3,$4.00,$4.54,$3.11,-22.25%,S/O
On Holding AG,ONON,Industrials,9/15/21,31.1,$24.00,$35.00,$29.72,23.83%,S/O
PROCEPT BioRobotics,PRCT,Health Care,9/15/21,6.6,$25.00,$41.94,$43.57,74.28%,S/O
Thoughtworks Holding Inc. (Turing Holding),TWKS,Technology,9/15/21,36.8,$21.00,$29.39,$27.72,32.00%,S/O
Tyra Biosciences,TYRA,Health Care,9/15/21,10.8,$16.00,$26.00,$16.34,2.13%,S/O
Sportradar Group AG,SRAD,Technology,9/14/21,19,$27.00,$25.05,$24.27,-10.11%,S/O
DoubleDown Interactive,DDI,Technology,8/31/21,6.3,$18.00,$17.75,$17.54,-2.56%,S/O
Focus Universal Inc.,FCUV,Technology,8/31/21,2,$5.00,$5.10,$8.40,68.00%,S/O
"Biotricity, Inc.",BTCY,Health Care,8/26/21,5,$3.00,$2.91,$3.01,0.33%,S/O
authID.ai (IPSIDY INC.),AUID,Technology,8/24/21,1.4,$7.00,$7.40,$12.06,72.29%,S/O
"Southern States Bancshares, Inc.",SSBK,Financials,8/12/21,2,$19.00,$19.77,$19.14,0.74%,S/O
Eliem Therapeutics,ELYM,Health Care,8/10/21,6.4,$12.50,$15.90,$16.14,29.12%,S/O
Adagio Therapeutics,ADGI,Health Care,8/6/21,18.2,$17.00,$20.88,$32.43,90.76%,S/O
"European Wax Center, Inc.",EWCZ,Consumer Services,8/5/21,10.6,$17.00,$21.39,$26.89,58.18%,S/O
Orange County Bancorp,OBT,Financials,8/5/21,1,$33.50,$34.10,$34.96,4.36%,S/O
Weber Inc.,WEBR,Industrials,8/5/21,17.9,$14.00,$16.50,$17.48,24.86%,S/O
Dole plc,DOLE,Consumer Goods,7/30/21,25,$16.00,$14.50,$15.04,-6.00%,S/O
Immuneering Corp.,IMRX,Health Care,7/30/21,7.5,$15.00,$17.59,$24.86,65.73%,S/O
"IN8bio, INC.",INAB,Health Care,7/30/21,4,$10.00,$10.00,$6.01,-39.90%,S/O
Omega Therapeutics,OMGA,Health Care,7/30/21,7.4,$17.00,$16.00,$20.34,19.65%,S/O
Rani Therapeutics Holdings,RANI,Health Care,7/30/21,6.7,$11.00,$11.00,$19.71,79.18%,S/O
RxSight,RXST,Health Care,7/30/21,7.4,$16.00,$16.00,$13.56,-15.25%,S/O
"Tenaya Therapeutics, Inc.",TNYA,Health Care,7/30/21,12,$15.00,$15.35,$20.56,37.07%,S/O
"Icosavax, Inc.",ICVX,Health Care,7/29/21,12.1,$15.00,$34.97,$25.26,68.40%,S/O
"Nuvalent, Inc.",NUVL,Health Care,7/29/21,9.8,$17.00,$18.75,$19.93,17.24%,S/O
Rallybio Corp.,RLYB,Health Care,7/29/21,6.2,$13.00,$14.10,$15.52,19.38%,S/O
Riskified Ltd.,RSKD,Technology,7/29/21,17.5,$21.00,$26.00,$18.65,-11.19%,S/O
Software Acquisition Group Inc. III,SWAGU,Blank Check,7/29/21,20,$10.00,$10.00,$10.12,1.20%,S/O
Traeger Inc. (TGPX Holdings I LLC),COOK,Industrials,7/29/21,23.5,$18.00,$22.00,$19.74,9.67%,S/O
DA32 Life Science Tech Acquisition,DALS,Blank Check,7/28/21,20,$10.00,$9.84,$9.70,-3.00%,S/O
"Duolingo, Inc.",DUOL,Technology,7/28/21,5.1,$102.00,$139.01,$156.70,53.63%,S/O
"MeridianLink, Inc.",MLNK,Technology,7/28/21,13.2,$26.00,$24.60,$22.49,-13.50%,S/O
"PowerSchool Holdings, Inc.",PWSC,Technology,7/28/21,39.5,$18.00,$18.00,$23.10,28.33%,S/O
Snap One Holdings Corp.,SNPO,Industrials,7/28/21,13.9,$18.00,$16.55,$15.49,-13.94%,S/O
Candel Therapeutics,CADL,Health Care,7/27/21,9,$8.00,$7.00,$9.83,22.88%,S/O
Caribou Biosciences,CRBU,Health Care,7/23/21,19,$16.00,$16.32,$20.84,30.25%,S/O
"Core & Main, Inc.",CNM,Industrials,7/23/21,34.9,$20.00,$23.70,$25.31,26.55%,S/O
Cytek BioSciences,CTKB,Health Care,7/23/21,16.8,$17.00,$18.76,$24.07,41.59%,S/O
Gambling.com Group Limited,GAMB,Consumer Services,7/23/21,5.3,$8.00,$8.00,$11.21,40.13%,S/O
Outbrain Inc.,OB,Technology,7/23/21,8,$20.00,$20.00,$15.97,-20.15%,S/O
SOPHiA GENETICS SA,SOPH,Financials,7/23/21,13,$18.00,$16.76,$16.10,-10.56%,S/O
U.S. Century Bank,USCB,Financials,7/23/21,4,$10.00,$10.82,$12.62,26.20%,S/O
"Xponential Fitness, Inc.",XPOF,Consumer Services,7/23/21,10,$12.00,$12.25,$15.87,32.25%,S/O
AbSci Corp.,ABSI,Health Care,7/22/21,12.5,$16.00,$21.59,$10.63,-33.56%,S/O
"Couchbase, Inc.",BASE,Technology,7/22/21,8.3,$24.00,$30.40,$33.29,38.71%,S/O
"Instructure Holdings, Inc.",INST,Technology,7/22/21,12.5,$20.00,$20.98,$24.17,20.85%,S/O
"Ryan Specialty Group Holdings, Inc.",RYAN,Financials,7/22/21,56.9,$23.50,$27.50,$37.18,58.21%,S/O
Zenvia Inc.,ZENV,Technology,7/22/21,11.5,$13.00,$10.20,$13.64,4.92%,S/O
Zevia PBC,ZVIA,Consumer Goods,7/22/21,10.7,$14.00,$13.65,$12.44,-11.14%,S/O
CS Disco,LAW,Technology,7/21/21,7,$32.00,$41.00,$48.26,50.81%,S/O
"Kaltura, Inc.",KLTR,Technology,7/21/21,15,$10.00,$12.00,$10.10,1.00%,S/O
"Paycor HCM, Inc.",PYCR,Technology,7/21/21,18.5,$23.00,$26.05,$31.52,37.04%,S/O
Twin Vee PowerCats,VEEE,Consumer Goods,7/21/21,3,$6.00,$7.49,$3.80,-36.67%,S/O
VTEX,VTEX,Technology,7/21/21,19,$19.00,$22.18,$19.45,2.37%,S/O
HCW Biologics Inc.,HCWB,Health Care,7/20/21,7,$8.00,$6.30,$2.62,-67.25%,S/O
"Blend Labs, Inc.",BLND,Technology,7/16/21,20,$18.00,$20.90,$13.00,-27.78%,S/O
Bridge Investment Group Holdings Inc.,BRDG,Financials,7/16/21,18.8,$16.00,$15.65,$16.94,5.88%,S/O
"Erasca, Inc.",ERAS,Health Care,7/16/21,18.8,$16.00,$17.43,$17.80,11.25%,S/O
"Imago BioSciences, Inc.",IMGO,Health Care,7/16/21,8.4,$16.00,$16.29,$24.95,55.94%,S/O
Regencell Bioscience Holdings Ltd.,RGC,Health Care,7/16/21,2.3,$9.50,$10.50,$18.64,96.21%,S/O
Stevanato Group S.p.A.,STVN,Health Care,7/16/21,32,$21.00,$19.67,$24.32,15.81%,S/O
TScan Therapeutics,TCRX,Health Care,7/16/21,6.7,$15.00,$10.50,$6.75,-55.00%,S/O
F45 Training Holdings Inc.,FXLV,Consumer Services,7/15/21,20.3,$16.00,$16.20,$13.01,-18.69%,S/O
Membership Collective Group Inc.,MCG,Other,7/15/21,30,$14.00,$12.66,$11.99,-14.36%,S/O
"Phillips Edison & Company, Inc.",PECO,Financials,7/15/21,17,$28.00,$27.83,$31.43,12.25%,S/O
"Rapid Micro Biosystems, Inc.",RPID,Health Care,7/15/21,7.9,$20.00,$21.40,$16.82,-15.90%,S/O
"SERA PROGNOSTICS, INC.",SERA,Health Care,7/15/21,4.7,$16.00,$11.90,$10.85,-32.19%,S/O
"Sight Sciences, Inc.",SGHT,Health Care,7/15/21,10,$24.00,$33.50,$21.50,-10.42%,S/O
ARYA Sciences Acquisition Corp V,ARYE,Blank Check,7/13/21,13,$10.00,$10.05,$9.80,-2.00%,S/O
Sentage Holdings Inc.,SNTG,Financials,7/9/21,4,$5.00,$34.89,$2.38,-52.40%,S/O
"Transcode Therapeutics, Inc.",RNAZ,Health Care,7/9/21,6.3,$4.00,$5.29,$3.22,-19.50%,S/O
AltC Acquisition Corp. (formerly Churchill Capital Corp. VIII),ALCC,Blank Check,7/8/21,45,$10.00,$9.98,$9.79,-2.10%,S/O
Moving iMage Technologies,MITQ,Consumer Goods,7/8/21,4.2,$3.00,$24.00,$2.97,-1.00%,S/O
NYXOAH SA,NYXH,Health Care,7/2/21,2.8,$30.00,$30.11,$25.50,-15.00%,S/O
"Acumen Pharmaceuticals, Inc.",ABOS,Health Care,7/1/21,10,$16.00,$20.10,$13.55,-15.31%,S/O
D-MARKET Electronic Services & Trading (Hepsiburada),HEPS,Consumer Goods,7/1/21,56.7,$12.00,$13.43,$5.22,-56.50%,S/O
Eco Wave Power Global AB,WAVE,Technology,7/1/21,1,$8.00,$10.85,$7.50,-6.25%,S/O
EverCommerce Inc.,EVCM,Technology,7/1/21,19.1,$17.00,$17.60,$19.03,11.94%,S/O
"Krispy Kreme, Inc.",DNUT,Consumer Goods,7/1/21,29.4,$17.00,$21.00,$13.91,-18.18%,S/O
"The Glimpse Group, Inc.",VRAR,Technology,7/1/21,1.8,$7.00,$17.66,$9.38,34.00%,S/O
Torrid Holdings,CURV,Consumer Goods,7/1/21,11,$21.00,$24.15,$13.70,-34.76%,S/O
"Aerovate Therapeutics, Inc.",AVTE,Health Care,6/30/21,8.7,$14.00,$22.83,$14.13,0.93%,S/O
"Clear Secure, Inc.",YOU,Technology,6/30/21,13.2,$31.00,$40.00,$40.35,30.16%,S/O
"CVRx, Inc.",CVRX,Health Care,6/30/21,7,$18.00,$28.00,$15.66,-13.00%,S/O
DiDi Global Inc.,DIDI,Technology,6/30/21,317,$14.00,$14.14,$8.26,-41.00%,S/O
Integral Ad Science Holding,IAS,Technology,6/30/21,15,$18.00,$20.58,$23.01,27.83%,S/O
"LegalZoom.com, Inc",LZ,Technology,6/30/21,19.1,$28.00,$37.85,$25.07,-10.46%,S/O
"Pop Culture Group Co., Ltd",CPOP,Consumer Services,6/30/21,6.2,$6.00,$30.30,$2.92,-51.33%,S/O
SentinelOne,S,Technology,6/30/21,35,$35.00,$42.50,$59.58,70.23%,S/O
Social Capital Suvretta Holdings Corp. I,DNAA,Blank Check,6/30/21,22,$10.00,$10.11,$9.87,-1.30%,S/O
Social Capital Suvretta Holdings Corp. II,DNAB,Blank Check,6/30/21,22,$10.00,$10.12,$9.89,-1.10%,S/O
Social Capital Suvretta Holdings Corp. IV,DNAD,Blank Check,6/30/21,22,$10.00,$10.10,$9.85,-1.50%,S/O
"Xometry, Inc.",XMTR,Industrials,6/30/21,6.9,$44.00,$87.39,$59.88,36.09%,S/O
Dingdong (Cayman) Limited,DDL,Consumer Services,6/29/21,3.7,$23.50,$23.52,$24.80,5.53%,S/O
Gobi Acquisition Corp.,GOBI,Blank Check,6/29/21,25,$10.00,$9.91,$9.73,-2.70%,S/O
"Acurx Pharmaceuticals, LLC*",ACXP,Health Care,6/25/21,2.5,$6.00,$7.89,$4.91,-18.17%,S/O
"Alpha Teknova, Inc.",TKNO,Health Care,6/25/21,6,$16.00,$25.00,$23.10,44.38%,S/O
"Elevation Oncology, Inc.",ELEV,Health Care,6/25/21,6.3,$16.00,$11.44,$7.96,-50.25%,S/O
GH Research PLC,GHRS,Health Care,6/25/21,10,$16.00,$19.25,$17.00,6.25%,S/O
"Graphite Bio, Inc.",GRPH,Health Care,6/25/21,14,$17.00,$18.50,$12.78,-24.82%,S/O
Missfresh Limited,MF,Consumer Services,6/25/21,21,$13.00,$9.66,$3.81,-70.69%,S/O
"Mister Car Wash, Inc.",MCW,Consumer Services,6/25/21,37.5,$15.00,$20.30,$17.32,15.47%,S/O
Bon Natural Life Limited,BON,Consumer Services,6/24/21,2.2,$5.00,$7.20,$6.05,21.00%,S/O
Bright Health Group,BHG,Health Care,6/24/21,51.4,$18.00,$16.64,$7.86,-56.33%,S/O
"Confluent, Inc.",CFLT,Technology,6/24/21,23,$36.00,$45.02,$66.90,85.83%,S/O
"Doximity, Inc.",DOCS,Technology,6/24/21,23.3,$26.00,$53.00,$69.88,168.77%,S/O
"GROVE, INC.",GRVI,Consumer Goods,6/24/21,2.2,$5.00,$5.60,$6.40,28.00%,S/O
Miromatrix Medical Inc.,MIRO,Health Care,6/24/21,4.8,$9.00,$15.24,$8.37,-7.00%,S/O
Monte Rosa Therapeutics,GLUE,Health Care,6/24/21,11.7,$19.00,$21.18,$21.20,11.58%,S/O
Coliseum Acquisition Corp.,MITAU,Blank Check,6/23/21,15,$10.00,$9.90,$9.89,-1.10%,S/O
First Advantage Corp.,FA,Other,6/23/21,25.5,$15.00,$19.70,$20.62,37.47%,S/O
"Sprinklr, Inc.",CXM,Technology,6/23/21,16.6,$16.00,$17.60,$17.03,6.44%,S/O
Full Truck Alliance Co. Ltd.,YMM,Technology,6/22/21,82.5,$19.00,$21.50,$14.14,-25.58%,S/O
AiHuiShou International Co. Ltd.,RERE,Consumer Goods,6/18/21,16.2,$14.00,$17.21,$9.04,-35.43%,S/O
Ambrx Biopharma,AMAM,Health Care,6/18/21,7,$18.00,$17.05,$12.47,-30.72%,S/O
ATAI Life Sciences B.V.*,ATAI,Health Care,6/18/21,15,$15.00,$19.45,$13.50,-10.00%,S/O
"Century Therapeutics, Inc.",IPSC,Health Care,6/18/21,10.6,$20.00,$0.00,$19.31,-3.45%,S/O
Codex DNA,DNAY,Health Care,6/18/21,6.7,$16.00,$18.50,$10.87,-32.06%,S/O
Cyteir Therapeutics,CYT,Health Care,6/18/21,7.4,$18.00,$17.40,$17.29,-3.94%,S/O
Femasys Inc.,FEMY,Health Care,6/18/21,2.7,$13.00,$12.00,$7.00,-46.15%,S/O
Tremor International Ltd.,TRMR,Technology,6/18/21,6.8,$19.00,$17.90,$18.82,-0.95%,S/O
"Angel Oak Mortgage, Inc.",AOMR,Financials,6/17/21,8.1,$19.00,$18.65,$17.64,-7.16%,S/O
iSpecimen Inc.,ISPC,Health Care,6/17/21,2.3,$8.00,$7.15,$6.34,-20.75%,S/O
"Lyell Immunopharma, Inc.",LYEL,Health Care,6/17/21,25,$17.00,$16.89,$13.28,-21.88%,S/O
Verve Therapeutics,VERV,Health Care,6/17/21,14,$19.00,$31.92,$43.93,131.21%,S/O
Convey Holding (Convey Health Solutions),CNVY,Consumer Services,6/16/21,13.3,$14.00,$13.00,$7.73,-44.79%,S/O
MOLECULAR PARTNERS AG,MOLN,Health Care,6/16/21,3,$21.25,$0.00,$19.80,-6.82%,S/O
WalkMe Ltd.,WKME,Technology,6/16/21,9.3,$31.00,$28.85,$23.74,-23.42%,S/O
Alzamend Neuro,ALZN,Health Care,6/15/21,2.5,$5.00,$13.50,$2.39,-52.20%,S/O
"Janux Therapeutics, Inc.",JANX,Health Care,6/11/21,11.4,$17.00,$25.15,$21.13,24.29%,S/O
Kanzhun Ltd.,BZ,Technology,6/11/21,48,$19.00,$37.20,$34.55,81.84%,S/O
"TaskUs, Inc.",TASK,Technology,6/11/21,13.2,$23.00,$31.09,$64.76,181.57%,S/O
"1stdibs.com, Inc.",DIBS,Consumer Goods,6/10/21,5.8,$20.00,$28.50,$14.79,-26.05%,S/O
"LifeStance Health Group, Inc.",LFST,Health Care,6/10/21,40,$18.00,$21.90,$11.50,-36.11%,S/O
monday.com Ltd.,MNDY,Technology,6/10/21,3.7,$155.00,$178.87,$358.71,131.43%,S/O
Zeta Global Holdings,ZETA,Technology,6/10/21,21.5,$10.00,$8.89,$7.94,-20.60%,S/O
"Marqeta, Inc.",MQ,Technology,6/9/21,45.5,$27.00,$30.52,$22.51,-16.63%,S/O
Zhangmen Education Inc.,ZME,Consumer Services,6/8/21,3.6,$11.50,$16.99,$2.39,-79.22%,S/O
DLocal Limited,DLO,Technology,6/3/21,29.4,$21.00,$32.39,$61.29,191.86%,S/O
Centessa Pharmaceuticals plc,CNTA,Health Care,5/28/21,16.5,$20.00,$21.75,$16.80,-16.00%,S/O
Day One Biopharmaceuticals Holding Co,DAWN,Health Care,5/27/21,10,$16.00,$25.89,$22.15,38.44%,S/O
"FIGS, Inc.",FIGS,Consumer Goods,5/27/21,26.4,$22.00,$30.02,$36.33,65.14%,S/O
Singular Genomics Systems,OMIC,Health Care,5/27/21,10.2,$22.00,$25.72,$14.02,-36.27%,S/O
Dynamics Special Purpose Corp.,DYNS,Blank Check,5/26/21,20,$10.00,$9.98,$9.95,-0.50%,S/O
Flywire Corp,FLYW,Technology,5/26/21,10.4,$24.00,$35.10,$51.85,116.04%,S/O
"Paymentus Holdings, Inc.",PAY,Technology,5/26/21,10,$21.00,$28.61,$24.04,14.48%,S/O
ZipRecruiter,ZIP,Technology,5/26/21,86.6,$20.00,$21.10,$27.08,35.40%,S/O
Fifth Wall Acquisition Corp. III,FWAC,Blank Check,5/25/21,25,$10.00,$10.00,$9.87,-1.30%,S/O
Oatly Group AB,OTLY,Consumer Goods,5/20/21,84.4,$17.00,$20.20,$14.51,-14.65%,S/O
Procore Technologies,PCOR,Technology,5/20/21,9.5,$67.00,$88.00,$95.25,42.16%,S/O
"Squarespace, Inc.",SQSP,Technology,5/19/21,40.4,$50.00,$43.65,$38.40,-23.20%,S/O
"Vera Therapeutics, Inc.",VERA,Health Care,5/14/21,4.4,$11.00,$11.50,$15.01,36.45%,S/O
Global-E Online Ltd.,GLBE,Technology,5/12/21,15,$25.00,$25.50,$57.08,128.32%,S/O
iPower Inc.,IPW,Consumer Goods,5/12/21,3.4,$5.00,$5.74,$3.01,-39.80%,S/O
SimilarWeb Ltd.,SMWB,Technology,5/12/21,8,$22.00,$21.87,$20.03,-8.95%,S/O
Flora Growth,FLGC,Health Care,5/11/21,3.3,$5.00,$4.79,$5.02,0.40%,S/O
"Anebulo Pharmaceuticals, Inc.",ANEB,Health Care,5/7/21,3,$7.00,$7.10,$7.18,2.57%,S/O
Bowman Consulting Group Ltd.,BWMN,Other,5/7/21,3.7,$14.00,$14.00,$14.09,0.64%,S/O
Onion Global Limited,OG,Consumer Goods,5/7/21,9.3,$7.25,$7.00,$10.30,42.07%,S/O
Talaris Therapeutics,TALS,Health Care,5/7/21,8.8,$17.00,$16.25,$15.50,-8.82%,S/O
Waterdrop Inc.,WDH,Financials,5/7/21,30,$12.00,$9.70,$2.14,-82.17%,S/O
Valneva SE,VALN,Health Care,5/6/21,3.5,$26.41,$28.35,$28.05,6.21%,S/O
Five Star Bancorp,FSBC,Financials,5/5/21,5.3,$20.00,$24.25,$25.09,25.45%,S/O
"The Honest Company, Inc.",HNST,Consumer Goods,5/5/21,25.8,$16.00,$23.00,$9.24,-42.25%,S/O
ION Acquisition Corp 3 Ltd.,IACC,Blank Check,4/30/21,22,$10.00,$10.00,$9.78,-2.20%,S/O
Red Cat Holdings,RCAT,Technology,4/30/21,4,$4.00,$4.04,$2.83,-29.25%,S/O
Vaccitech plc,VACC,Health Care,4/30/21,6.5,$17.00,$14.10,$14.64,-13.88%,S/O
"Werewolf Therapeutics, Inc.",HOWL,Health Care,4/30/21,7.5,$16.00,$16.10,$17.07,6.69%,S/O
Aveanna Healthcare Holdings,AVAH,Health Care,4/29/21,38.2,$12.00,$11.53,$6.73,-43.92%,S/O
"Endeavor Group Holdings, Inc.",EDR,Consumer Services,4/29/21,21.3,$24.00,$25.20,$24.68,2.83%,S/O
"Privia Health Group, Inc.",PRVA,Health Care,4/29/21,19.5,$23.00,$34.75,$23.51,2.22%,S/O
FTC Solar,FTCI,Technology,4/28/21,19.8,$13.00,$14.26,$6.58,-49.38%,S/O
"Agiliti, Inc.",AGTI,Health Care,4/23/21,26.3,$14.00,$16.40,$19.35,38.21%,S/O
Impel NeuroPharma,IMPL,Health Care,4/23/21,5.3,$15.00,$15.00,$9.90,-34.00%,S/O
"Latham Group, Inc.",SWIM,Consumer Goods,4/23/21,20,$19.00,$27.25,$13.19,-30.58%,S/O
Rain Therapeutics Inc.,RAIN,Health Care,4/23/21,7.4,$17.00,$15.80,$14.72,-13.41%,S/O
Treace Medical Concepts,TMCI,Health Care,4/23/21,11.3,$17.00,$25.53,$24.42,43.65%,S/O
"KnowBe4, Inc.",KNBE,Technology,4/22/21,9.5,$16.00,$24.14,$22.48,40.50%,S/O
NeuroPace Inc.,NPCE,Health Care,4/22/21,6,$17.00,$24.96,$15.67,-7.82%,S/O
"Zymergen, Inc.",ZY,Consumer Services,4/22/21,16.3,$31.00,$37.65,$12.85,-58.55%,S/O
"DoubleVerify Holdings, Inc.",DV,Technology,4/21/21,13.3,$27.00,$36.00,$31.76,17.63%,S/O
"SkyWater Technology, Inc.",SKYT,Technology,4/21/21,7,$14.00,$17.74,$26.76,91.14%,S/O
"UiPath, Inc.",PATH,Technology,4/21/21,23.9,$56.00,$69.00,$49.99,-10.73%,S/O
"Infobird Co., Ltd",IFBD,Technology,4/20/21,6.3,$4.00,$6.03,$2.13,-46.75%,S/O
"Akoya Biosciences, Inc.",AKYA,Health Care,4/16/21,6.6,$20.00,$26.05,$12.70,-36.50%,S/O
Biomea Fusion,BMEA,Health Care,4/16/21,9,$17.00,$18.60,$11.63,-31.59%,S/O
Recursion Pharmaceuticals,RXRX,Health Care,4/16/21,24.2,$18.00,$31.30,$19.04,5.78%,S/O
"agilon health, inc.",AGL,Health Care,4/15/21,46.6,$23.00,$31.00,$23.96,4.17%,S/O
AppLovin Corporation,APP,Technology,4/15/21,25,$80.00,$65.20,$91.84,14.80%,S/O
"Esports Technologies, Inc.",EBET,Consumer Services,4/15/21,2.4,$6.00,$36.42,$24.46,307.67%,S/O
Karat Packaging Inc.,KRT,Industrials,4/15/21,4,$16.00,$18.56,$22.25,39.06%,S/O
TuSimple Holdings Inc.,TSP,Technology,4/15/21,33.8,$40.00,$40.25,$38.60,-3.50%,S/O
"Alkami Technology, Inc.",ALKT,Technology,4/14/21,6,$30.00,$43.00,$27.62,-7.93%,S/O
"Coinbase Global, Inc.",COIN,Consumer Services,4/14/21,114.9,$381.00,$328.28,$280.61,-26.35%,S/O
TCV Acquisition Corp.,TCVA,Blank Check,4/14/21,35,$10.00,$10.60,$9.82,-1.80%,S/O
TPG Pace Beneficial II Corp.,YTPG,Blank Check,4/14/21,35,$10.00,$10.11,$9.77,-2.30%,S/O
Reneo Pharmaceuticals,RPHM,Health Care,4/9/21,6.3,$15.00,$13.89,$6.44,-57.07%,S/O
TPG Pace Solutions Corp.,TPGS,Blank Check,4/9/21,25,$10.00,$10.11,$10.18,1.80%,S/O
VectivBio Holding AG,VECT,Health Care,4/9/21,7.5,$17.00,$24.23,$6.50,-61.76%,S/O
Panacea Acquisition Corp. II,PANA,Blank Check,4/7/21,15,$10.00,$10.00,$9.77,-2.30%,S/O
UTime Limited,UTME,Technology,4/6/21,3.8,$4.00,$39.00,$5.49,37.25%,S/O
"Compass, Inc.",COMP,Technology,4/1/21,25,$18.00,$20.15,$11.68,-35.11%,S/O
"Frontier Group Holdings, Inc.",ULCC,Consumer Services,4/1/21,30,$19.00,$18.85,$16.26,-14.42%,S/O
Karooooo Ltd. (Cartrack),KARO,Technology,4/1/21,1.1,$28.00,$33.99,$33.05,18.04%,S/O
Smart Share Global Limited,EM,Technology,4/1/21,17.7,$8.50,$8.54,$2.96,-65.18%,S/O
Achilles Therapeutics plc,ACHL,Health Care,3/31/21,9.8,$18.00,$16.55,$7.61,-57.72%,S/O
"Coursera, Inc.",COUR,Technology,3/31/21,15.7,$33.00,$45.00,$33.03,0.09%,S/O
"Alignment Healthcare, Inc.",ALHC,Health Care,3/26/21,27.2,$18.00,$17.31,$18.62,3.44%,S/O
"Design Therapeutics, Inc.",DSGN,Health Care,3/26/21,12,$20.00,$41.49,$14.25,-28.75%,S/O
Edgewise Therapeutics,EWTX,Health Care,3/26/21,11,$16.00,$30.00,$17.74,10.88%,S/O
Hywin Holdings Ltd.,HYW,Financials,3/26/21,3,$10.00,$9.90,$6.28,-37.20%,S/O
"Ikena Oncology, Inc. (formerly KYN Therapeutics)",IKNA,Health Care,3/26/21,7.8,$16.00,$32.00,$12.11,-24.31%,S/O
ThredUp Inc.,TDUP,Consumer Goods,3/26/21,12,$14.00,$20.00,$19.55,39.64%,S/O
Zhihu Inc.,ZH,Consumer Services,3/26/21,55,$9.50,$8.50,$9.99,5.16%,S/O
"Cricut, Inc.",CRCT,Industrials,3/25/21,15.3,$20.00,$17.80,$26.57,32.85%,S/O
"Diversey Holdings, Ltd.",DSEY,Other,3/25/21,46.2,$15.00,$14.98,$16.95,13.00%,S/O
LAVA Therapeutics BV,LVTX,Health Care,3/25/21,6.7,$15.00,$14.30,$7.13,-52.47%,S/O
Olink Holding AB,OLK,Health Care,3/25/21,17.7,$20.00,$36.00,$29.00,45.00%,S/O
"SEMrush Holdings, Inc.",SEMR,Technology,3/25/21,10,$14.00,$11.22,$22.48,60.57%,S/O
Vizio Holding Corp.,VZIO,Consumer Goods,3/25/21,12.3,$21.00,$19.10,$19.17,-8.71%,S/O
ACV Auctions Inc.,ACVA,Other,3/24/21,16.6,$25.00,$31.25,$20.64,-17.44%,S/O
"DigitalOcean Holdings, Inc.",DOCN,Technology,3/24/21,16.5,$47.00,$42.50,$89.11,89.60%,S/O
Khosla Ventures Acquisition Co. II,KVSB,Blank Check,3/24/21,40,$10.00,$10.00,$10.01,0.10%,S/O
Khosla Ventures Acquisition Co. III,KVSC,Blank Check,3/24/21,50,$10.00,$9.75,$9.80,-2.00%,S/O
Dragoneer Growth Opportunities Corp. III,DGNU,Blank Check,3/23/21,40,$10.00,$10.00,$9.81,-1.90%,S/O
Movano Inc.,MOVE,Health Care,3/23/21,8.5,$5.00,$6.60,$3.03,-39.40%,S/O
Supernova Partners Acquisition Company III,STRE.U,Blank Check,3/23/21,25,$10.00,$10.00,$10.01,0.10%,S/O
Universe Pharmaceuticals,UPC,Health Care,3/23/21,5,$5.00,$4.75,$2.31,-53.80%,S/O
"AFC Gamma, Inc.",AFCG,Financials,3/19/21,6.3,$19.00,$23.00,$24.14,27.05%,S/O
Connect Biopharma Holdings Ltd.,CNTB,Health Care,3/19/21,11.3,$17.00,$18.49,$17.17,1.00%,S/O
"Finch Therapeutics Group, Inc.",FNCH,Health Care,3/19/21,7.5,$17.00,$21.32,$11.95,-29.71%,S/O
"Instil Bio, Inc.",TIL,Health Care,3/19/21,16,$20.00,$26.44,$17.92,-10.40%,S/O
"Duckhorn Portfolio, Inc.",NAPA,Consumer Goods,3/18/21,20,$15.00,$17.18,$19.66,31.07%,S/O
"Gain Therapeutics, Inc.",GANX,Health Care,3/18/21,3.6,$11.00,$11.20,$6.94,-36.91%,S/O
Research Alliance Corp. II,RACB,Blank Check,3/18/21,13,$10.00,$10.21,$9.85,-1.50%,S/O
Tuya Inc.,TUYA,Technology,3/18/21,43.6,$21.00,$25.00,$8.47,-59.67%,S/O
Jowell Global Ltd.,JWEL,Consumer Goods,3/17/21,3.7,$7.00,$8.71,$5.85,-16.43%,S/O
"Olo, Inc.",OLO,Technology,3/17/21,18,$25.00,$34.75,$27.94,11.76%,S/O
"Sun Country Airlines Holdings, Inc.",SNCY,Consumer Services,3/17/21,9.1,$24.00,$36.38,$31.30,30.42%,S/O
"Hayward Holdings, Inc.",HAYW,Consumer Goods,3/12/21,40.3,$17.00,$17.00,$22.88,34.59%,S/O
JOANN Inc.,JOAN,Consumer Goods,3/12/21,10.9,$12.00,$12.25,$11.13,-7.25%,S/O
MeaTech 3D Ltd.,MITC,Technology,3/12/21,2.4,$10.30,$10.00,$7.46,-27.57%,S/O
Prometheus Biosciences,RXDX,Health Care,3/12/21,10,$19.00,$25.29,$25.95,36.58%,S/O
Coupang,CPNG,Consumer Goods,3/11/21,130,$35.00,$49.25,$27.59,-21.17%,S/O
"First High-School Education Group Co., Ltd.",FHS,Consumer Services,3/11/21,7.5,$10.00,$8.80,$2.91,-70.90%,S/O
Roblox Corporation,RBLX,Technology,3/10/21,198.9,$45.00,$69.88,$76.58,70.18%,S/O
Vector Acquisition Corporation II,VAQC,Blank Check,3/10/21,45,$10.00,$10.00,$9.78,-2.20%,S/O
SVF Investment Corp. 2,SVFB,Blank Check,3/9/21,20,$10.00,$10.33,$9.80,-2.00%,S/O
SVF Investment Corp. 3,SVFC,Blank Check,3/9/21,28,$10.00,$0.00,$9.86,-1.40%,S/O
two,TWOA,Blank Check,3/7/21,20,$10.00,$9.85,$9.76,-2.40%,S/O
Lerer Hippeau Acquisition Corp.,LHAA,Blank Check,3/5/21,20,$10.00,$10.02,$9.80,-2.00%,S/O
InnovAge Holding Corp.,INNV,Health Care,3/4/21,16.7,$21.00,$24.20,$6.42,-69.43%,S/O
Khosla Ventures Acquisition Co.,KVSA,Blank Check,3/4/21,30,$10.00,$10.25,$9.91,-0.90%,S/O
"Oscar Health, Inc.",OSCR,Health Care,3/3/21,37,$39.00,$34.80,$15.85,-59.36%,S/O
ARYA Sciences Acquisition Corp IV,ARYD,Blank Check,2/26/21,13,$10.00,$11.13,$9.99,-0.10%,S/O
BriaCell Therapeutics Corp.,BCTX,Health Care,2/24/21,5.9,$4.25,$0.00,$8.19,92.71%,S/O
ABG Acquisition Corp. I,ABGI,Blank Check,2/17/21,13.1,$10.00,$10.34,$9.74,-2.60%,S/O
"Virpax Pharmaceuticals, Inc.",VRPX,Health Care,2/17/21,1.8,$10.00,$6.53,$4.48,-55.20%,S/O
Decibel Therapeutics,DBTX,Health Care,2/12/21,7.1,$18.00,$18.03,$7.56,-58.00%,S/O
Longeveron LLC,LGVN,Health Care,2/12/21,2.7,$10.00,$7.41,$3.98,-60.20%,S/O
NexImmune,NEXI,Health Care,2/12/21,6.5,$17.00,$25.33,$12.82,-24.59%,S/O
Talis Biomedical Corporation,TLIS,Health Care,2/12/21,13.8,$16.00,$27.80,$5.72,-64.25%,S/O
"urban-gro, Inc.",UGRO,Industrials,2/12/21,5.4,$10.00,$12.30,$11.85,18.50%,S/O
"Apria, Inc.",APR,Health Care,2/11/21,7.5,$20.00,$23.36,$34.17,70.85%,S/O
Bioventus Inc.,BVS,Health Care,2/11/21,8,$13.00,$19.21,$13.64,4.92%,S/O
Bumble Inc.,BMBL,Technology,2/11/21,50,$43.00,$70.31,$52.18,21.35%,S/O
loanDepot,LDI,Financials,2/11/21,3.9,$14.00,$22.00,$6.61,-52.79%,S/O
"Signify Health, Inc.",SGFY,Health Care,2/11/21,23.5,$24.00,$31.56,$17.72,-26.17%,S/O
Biophytis S.A.,BPTS,Health Care,2/10/21,1.2,$16.75,$16.50,$6.93,-58.63%,S/O
Vallon Pharmaceuticals,VLON,Health Care,2/10/21,2.3,$8.00,$7.52,$6.73,-15.88%,S/O
Viant Technology Inc.,DSP,Technology,2/10/21,10,$25.00,$0.00,$13.31,-46.76%,S/O
Adagene Inc.,ADAG,Health Care,2/9/21,7.4,$19.00,$29.99,$11.70,-38.42%,S/O
Cloopen Group Holding Limited,RAAS,Technology,2/9/21,20,$16.00,$48.00,$4.09,-74.44%,S/O
Global Internet of People,SDH,Consumer Services,2/9/21,6.7,$4.00,$5.32,$2.13,-46.75%,S/O
Baosheng Media Group Holdings,BAOS,Consumer Services,2/8/21,6,$5.00,$8.86,$1.68,-66.40%,S/O
Angion Biomedica,ANGN,Health Care,2/5/21,5,$16.00,$17.02,$8.69,-45.69%,S/O
Bolt Biotherapeutics,BOLT,Health Care,2/5/21,11.5,$20.00,$32.15,$13.49,-32.55%,S/O
CN Energy Group,CNEY,Industrials,2/5/21,5,$4.00,$5.74,$7.14,78.50%,S/O
Evaxion Biotech A/S,EVAX,Health Care,2/5/21,3,$10.00,$9.89,$7.92,-20.80%,S/O
Fifth Wall Acquisition Corp. I,FWAA,Blank Check,2/5/21,30,$10.00,$11.10,$12.10,21.00%,S/O
Immunocore Holdings Limited,IMCR,Health Care,2/5/21,9.9,$26.00,$43.20,$38.00,46.15%,S/O
"Lucira Health, Inc.",LHDX,Health Care,2/5/21,9,$17.00,$24.98,$5.72,-66.35%,S/O
Pharvaris B.V.,PHVS,Health Care,2/5/21,8.3,$20.00,$29.00,$15.80,-21.00%,S/O
"Terns Pharmaceuticals, Inc.",TERN,Health Care,2/5/21,7.5,$17.00,$18.39,$9.81,-42.29%,S/O
Vor Biopharma Inc.,VOR,Health Care,2/5/21,9.8,$18.00,$37.50,$15.46,-14.11%,S/O
Atotech Limited,ATC,Basic Materials,2/4/21,29.3,$17.00,$19.25,$23.83,40.18%,S/O
"Landos Biopharma, Inc.",LABP,Health Care,2/4/21,6.3,$16.00,$12.00,$14.92,-6.75%,S/O
"Sana Biotechnology, Inc.",SANA,Health Care,2/4/21,23.5,$25.00,$35.10,$20.79,-16.84%,S/O
Sensei Biotherapeutics,SNSE,Health Care,2/4/21,7,$19.00,$18.90,$7.63,-59.84%,S/O
"ON24, INC.",ONTF,Technology,2/3/21,8.6,$50.00,$70.82,$20.10,-59.80%,S/O
TELUS International (Cda) Inc.,TIXT,Technology,2/3/21,37,$25.00,$30.40,$36.22,44.88%,S/O
Home Point Capital Inc.,HMPT,Financials,1/29/21,7.3,$13.00,$11.32,$4.13,-68.23%,S/O
Trinity Capital Inc.,TRIN,Financials,1/29/21,7.4,$14.00,$15.00,$16.00,14.29%,S/O
Agrify,AGFY,Consumer Goods,1/28/21,5.4,$10.00,$12.74,$18.37,83.70%,S/O
Ortho Clinical Diagnostics Holdings plc,OCDX,Health Care,1/28/21,76,$17.00,$16.10,$19.68,15.76%,S/O
Qualtrics International,XM,Technology,1/28/21,51.7,$30.00,$45.50,$43.93,46.43%,S/O
Vinci Partners Investments Ltd.,VINP,Financials,1/28/21,13.9,$18.00,$16.90,$14.30,-20.56%,S/O
ZIM Integrated Shipping Services Ltd.,ZIM,Industrials,1/28/21,14.5,$15.00,$11.50,$43.91,192.73%,S/O
HealthCor Catalio Acquisition Corp.,HCAQ,Blank Check,1/27/21,18,$10.00,$10.01,$9.94,-0.60%,S/O
Shoals Technologies Group,SHLS,Technology,1/27/21,77,$25.00,$30.98,$28.23,12.92%,S/O
TIAN RUIXIANG Holdings,TIRX,Financials,1/27/21,3,$4.00,$25.50,$3.36,-16.00%,S/O
Bridgetown 2 Holdings Ltd.,BTNB,Blank Check,1/26/21,26,$10.00,$13.00,$9.95,-0.50%,S/O
EZGO Technologies Ltd.,EZGO,Consumer Goods,1/26/21,2.8,$4.00,$18.11,$2.96,-26.00%,S/O
"Huadi International Group Co., Ltd.",HUDI,Basic Materials,1/22/21,3.1,$8.00,$7.13,$7.30,-8.75%,S/O
Montauk Renewables,MNTK,Oil & Gas,1/22/21,3,$8.50,$11.73,$12.12,42.59%,S/O
Patria Investments Ltd.,PAX,Industrials,1/22/21,30.1,$17.00,$19.90,$17.06,0.35%,S/O
RLX Technology,RLX,Consumer Goods,1/22/21,116.5,$12.00,$29.51,$5.40,-55.00%,S/O
Dream Finders Homes,DFH,Consumer Goods,1/21/21,9.6,$13.00,$20.95,$16.52,27.08%,S/O
MYT Netherlands Parent B.V.,MYTE,Consumer Goods,1/21/21,15.7,$26.00,$31.00,$27.25,4.81%,S/O
Driven Brands Holdings,DRVN,Consumer Services,1/15/21,31.8,$22.00,$26.69,$29.26,33.00%,S/O
Playtika Holding Corp.,PLTK,Technology,1/15/21,69.5,$27.00,$31.62,$28.47,5.44%,S/O
Thoma Bravo Advantage,TBA.U,Blank Check,1/15/21,90,$10.00,$11.76,$11.76,18.30%,S/O
"Petco Health and Wellness Company, Inc.",WOOF,Consumer Goods,1/14/21,48,$18.00,$29.40,$22.36,24.22%,S/O
"Poshmark, Inc.",POSH,Consumer Goods,1/14/21,6.6,$42.00,$101.50,$24.09,-42.64%,S/O
Affirm Holdings,AFRM,Consumer Services,1/13/21,24.6,$49.00,$97.24,$146.73,199.45%,S/O
Motorsport Games,MSGM,Technology,1/13/21,3,$20.00,$35.00,$14.94,-25.30%,S/O
Kuke Music Holding Limited,KUKE,Consumer Services,1/12/21,5,$10.00,$10.10,$5.58,-44.20%,S/O
Qilian International Holding Group,QLI,Health Care,1/12/21,5,$5.00,$10.00,$3.96,-20.80%,S/O
Cullinan Management (Cullinan Oncology),CGEM,Health Care,1/8/21,11.9,$21.00,$29.91,$25.00,19.05%,S/O
Gracell Biotechnologies Inc.,GRCL,Health Care,1/8/21,11,$19.00,$25.06,$13.24,-30.32%,S/O
Omega Alpha SPAC,OMEG,Blank Check,1/7/21,12,$10.00,$10.36,$9.73,-2.70%,S/O
"MEDIROM Healthcare Technologies, Inc.",MRM,Consumer Services,12/29/20,0.8,$15.00,$15.11,$8.01,-46.60%,S/O
Inhibikase Therapeutics,IKT,Health Care,12/23/20,1.8,$10.00,$9.90,$1.93,-80.70%,S/O
908 Devices Inc.,MASS,Health Care,12/18/20,6.5,$20.00,$49.00,$32.04,60.20%,S/O
Midwest Holding,MDWT,Financials,12/17/20,1,$70.00,$56.25,$39.55,-43.50%,S/O
Virios Therapeutics,VIRI,Health Care,12/17/20,3,$10.00,$16.71,$4.70,-53.00%,S/O
"BioAtla, Inc.",BCAB,Health Care,12/16/20,10.5,$18.00,$31.02,$28.35,57.50%,S/O
ContextLogic Inc. (Wish),WISH,Consumer Goods,12/16/20,46,$24.00,$20.05,$5.04,-79.00%,S/O
Upstart Holdings,UPST,Financials,12/16/20,12,$20.00,$29.47,$390.00,1850.00%,S/O
Oriental Culture Holding LTD.,OCG,Consumer Services,12/15/20,5.1,$4.00,$6.00,$3.79,-5.25%,S/O
Wunong Net Technology Company Limited,WNW,Consumer Services,12/15/20,6,$5.00,$12.05,$3.74,-25.20%,S/O
4D Molecular Therapeutics,FDMT,Health Care,12/11/20,8.4,$23.00,$40.50,$27.32,18.78%,S/O
AbCellera Biologics,ABCL,Health Care,12/11/20,24.2,$20.00,$58.90,$15.53,-22.35%,S/O
Certara,CERT,Technology,12/11/20,29.1,$23.00,$38.09,$37.84,64.52%,S/O
Vivos Therapeutics,VVOS,Health Care,12/11/20,3.5,$6.00,$8.99,$3.55,-40.83%,S/O
"Airbnb, Inc.",ABNB,Consumer Services,12/10/20,51.6,$68.00,$144.71,$169.18,148.79%,S/O
"Hydrofarm Holdings Group, Inc.",HYFM,Consumer Goods,12/10/20,8.7,$20.00,$51.99,$35.63,78.15%,S/O
C3.ai,AI,Technology,12/9/20,15.5,$42.00,$92.49,$45.30,7.86%,S/O
"DoorDash, Inc.",DASH,Consumer Services,12/9/20,33,$102.00,$189.51,$214.07,109.87%,S/O
PubMatic,PUBM,Technology,12/9/20,5.9,$20.00,$29.45,$29.14,45.70%,S/O
17 Education & Technology Group,YQ,Consumer Services,12/4/20,27.4,$10.50,$10.58,$0.86,-91.81%,S/O
"Seer, Inc.",SEER,Health Care,12/4/20,9.2,$19.00,$56.46,$33.00,73.68%,S/O
"Sigilon Therapeutics, Inc.",SGTX,Health Care,12/4/20,7,$18.00,$34.78,$5.55,-69.17%,S/O
"Silverback Therapeutics, Inc.",SBTX,Health Care,12/4/20,11.5,$21.00,$0.00,$9.86,-53.05%,S/O
Kinnate BioPharma Inc.,KNTE,Health Care,12/3/20,12,$20.00,$39.03,$23.19,15.95%,S/O
HF Enterprises,HFEN,Financials,11/24/20,2.2,$7.00,$6.98,$6.15,-12.14%,S/O
Ozon Holdings PLC,OZON,Consumer Goods,11/24/20,33,$30.00,$40.18,$47.49,58.30%,S/O
Vision Marine Technologies,VMAR,Consumer Goods,11/24/20,2.4,$10.00,$14.44,$6.50,-35.00%,S/O
Maravai LifeSciences Holdings,MRVI,Health Care,11/20/20,60,$27.00,$29.85,$37.09,37.37%,S/O
Sotera Health Company,SHC,Health Care,11/20/20,46.6,$23.00,$0.00,$26.15,13.70%,S/O
NeoGames S.A.,NGMS,Consumer Services,11/19/20,4.8,$17.00,$21.87,$41.86,146.24%,S/O
Olema Pharmaceuticals,OLMA,Health Care,11/19/20,11,$19.00,$49.00,$30.71,61.63%,S/O
Yatsen Holding Limited,YSG,Consumer Goods,11/19/20,58.8,$10.50,$18.40,$3.34,-68.19%,S/O
Atea Pharmaceuticals,AVIR,Health Care,10/30/20,12.5,$24.00,$30.34,$39.28,63.67%,S/O
Lufax Holding Ltd,LU,Financials,10/30/20,175,$13.50,$12.85,$6.63,-50.89%,S/O
SQZ Biotechnologies,SQZ,Health Care,10/30/20,4.4,$16.00,$13.25,$12.18,-23.88%,S/O
Allegro MicroSystems,ALGM,Technology,10/29/20,25,$14.00,$17.70,$31.35,123.93%,S/O
Galecto,GLTO,Health Care,10/29/20,5.7,$15.00,$15.00,$3.42,-77.20%,S/O
Leslie’s,LESL,Consumer Goods,10/29/20,40,$17.00,$21.70,$20.66,21.53%,S/O
Biodesix,BDSX,Health Care,10/28/20,4,$18.00,$12.81,$7.50,-58.33%,S/O
Gatos Silver,GATO,Basic Materials,10/28/20,21.4,$7.00,$6.60,$12.00,71.43%,S/O
"MediaAlpha, Inc.",MAX,Financials,10/28/20,9.3,$19.00,$31.86,$19.32,1.68%,S/O
"ROOT, INC.",ROOT,Financials,10/28/20,26.8,$27.00,$27.00,$5.08,-81.19%,S/O
Foghorn Therapeutics Inc.,FHTX,Health Care,10/23/20,7.5,$16.00,$18.12,$12.38,-22.63%,S/O
Abcam plc,ABCM,Health Care,10/22/20,9,$17.50,$19.75,$21.65,23.71%,S/O
BCLS Acquisition Corp.,BLSA,Blank Check,10/22/20,12.5,$10.00,$10.18,$9.93,-0.70%,S/O
Guild Holdings Company,GHLD,Financials,10/22/20,6.5,$15.00,$15.00,$13.75,-8.33%,S/O
McAfee Corp.,MCFE,Technology,10/22/20,37,$20.00,$18.70,$21.72,8.60%,S/O
Datto Holding Corp.,MSP,Technology,10/21/20,22,$27.00,$27.10,$22.67,-16.04%,S/O
MingZhu Logistics Holdings,YGMZ,Consumer Services,10/21/20,3,$4.00,$4.25,$2.66,-33.50%,S/O
HELIX ACQUISITION CORP.,HLXA,Blank Check,10/20/20,10,$10.00,$10.49,$9.92,-0.80%,S/O
"Aligos Therapeutics, Inc.",ALGS,Health Care,10/16/20,10,$15.00,$14.85,$29.74,98.27%,S/O
"Eargo, Inc.",EAR,Health Care,10/16/20,7.9,$18.00,$33.68,$36.90,105.00%,S/O
Kiromic Biopharma,KRBP,Health Care,10/16/20,1.3,$12.00,$11.50,$9.30,-22.50%,S/O
"PRAXIS PRECISION MEDICINES, INC.",PRAX,Health Care,10/16/20,10,$19.00,$27.80,$19.86,4.53%,S/O
"TARSUS PHARMACEUTICALS, INC.",TARS,Health Care,10/16/20,5.5,$16.00,$20.58,$35.13,119.56%,S/O
"ARRAY TECHNOLOGIES, INC.",ARRY,Industrials,10/15/20,47.5,$22.00,$36.45,$15.55,-29.32%,S/O
MINISO Group Holding Limited,MNSO,Consumer Goods,10/15/20,30.4,$20.00,$20.88,$21.64,8.20%,S/O
"Codiak BioSciences, Inc.",CDAK,Health Care,10/14/20,5.5,$15.00,$12.12,$25.41,69.40%,S/O
iHuman Inc.,IH,Consumer Services,10/9/20,7,$12.00,$16.00,$10.67,-11.08%,S/O
"Kronos Bio, Inc.",KRON,Health Care,10/9/20,13.2,$19.00,$27.07,$27.02,42.21%,S/O
"Spruce Biosciences, Inc.",SPRB,Health Care,10/9/20,6,$15.00,$17.00,$12.57,-16.20%,S/O
"AZIYO BIOLOGICS, INC.",AZYO,Health Care,10/8/20,2.9,$17.00,$14.50,$10.41,-38.76%,S/O
"fuboTV Inc. (formerly FaceBank Group, Inc.)",FUBO,Consumer Services,10/8/20,18.3,$10.00,$10.58,$30.46,204.60%,S/O
Presidio Property Trust,SQFT,Financials,10/7/20,0.5,$5.00,$4.60,$4.22,-15.60%,S/O
Academy Sports + Outdoors,ASO,Consumer Goods,10/2/20,15.6,$13.00,$12.99,$37.78,190.62%,S/O
"C4 Therapeutics, Inc.",CCCC,Health Care,10/2/20,9.6,$19.00,$25.49,$41.45,118.16%,S/O
"IMMUNOME, INC.",IMNM,Health Care,10/2/20,3.3,$12.00,$13.45,$18.54,54.50%,S/O
"Oncorus, Inc.",ONCR,Health Care,10/2/20,5.8,$15.00,$16.00,$17.10,14.00%,S/O
"Lixiang Education Holding Co., Ltd.",LXEH,Consumer Services,10/1/20,3.3,$9.25,$7.50,$8.55,-7.57%,S/O
"Mission Produce, Inc.",AVO,Consumer Goods,10/1/20,8,$12.00,$13.80,$21.99,83.25%,S/O
Pulmonx Corp.,LUNG,Health Care,10/1/20,10,$19.00,$39.31,$43.76,130.32%,S/O
"Thryv Holdings, Inc.",THRY,Consumer Services,10/1/20,26.7,$10.17,$11.08,$28.35,178.76%,S/O
Boqii Holding Limited,BQ,Consumer Goods,9/30/20,7,$10.00,$7.20,$4.90,-51.00%,S/O
Chindata Group Holdings Limited,CD,Technology,9/30/20,40,$13.50,$16.23,$16.15,19.63%,S/O
Palantir Technologies,PLTR,Technology,9/30/20,257.1,$7.25,$9.50,$24.46,237.38%,S/O
Yalla Group Limited,YALA,Technology,9/30/20,18.6,$7.50,$7.00,$18.93,152.40%,S/O
Orphazyme A/S,ORPH,Health Care,9/29/20,7.6,$11.00,$9.71,$5.39,-51.00%,S/O
Amesite,AMST,Technology,9/25/20,3,$5.00,$5.22,$2.23,-55.40%,S/O
Graybug Vision,GRAY,Health Care,9/25/20,5.6,$16.00,$16.50,$4.33,-72.94%,S/O
Greenwich LifeSciences,GLSI,Health Care,9/25/20,1.3,$5.75,$5.00,$37.87,558.61%,S/O
PMV Pharmaceuticals,PMVP,Health Care,9/25/20,11.8,$18.00,$37.51,$33.46,85.89%,S/O
Prelude Therapeutics,PRLD,Health Care,9/25/20,8.3,$19.00,$26.20,$32.40,70.53%,S/O
VIA optronics AG,VIAO,Technology,9/25/20,6.3,$15.00,$10.18,$13.29,-11.40%,S/O
"Taysha Gene Therapies, Inc.",TSHA,Health Care,9/24/20,7.9,$20.00,$24.06,$23.97,19.85%,S/O
Bentley Systems,BSY,Technology,9/23/20,10.8,$22.00,$33.49,$62.36,183.45%,S/O
Corsair Gaming,CRSR,Technology,9/23/20,14,$17.00,$14.25,$31.80,87.06%,S/O
GoodRx Holdings,GDRX,Technology,9/23/20,34.6,$33.00,$50.50,$39.63,20.09%,S/O
"Laird Superfood, Inc.",LSF,Consumer Goods,9/23/20,2.7,$22.00,$40.80,$32.70,48.64%,S/O
Athira Pharma,ATHA,Health Care,9/18/20,12,$17.00,$17.11,$20.87,22.76%,S/O
COMPASS Pathways plc,CMPS,Health Care,9/18/20,7.5,$17.00,$29.00,$34.91,105.35%,S/O
Unity Software Inc.,U,Technology,9/18/20,25,$52.00,$68.35,$98.10,88.65%,S/O
Vitru Ltd.,VTRU,Consumer Services,9/18/20,6,$16.00,$16.00,$16.50,3.13%,S/O
American Well Corp.,AMWL,Health Care,9/17/20,41.2,$18.00,$23.95,$13.59,-24.50%,S/O
Broadstone Net Lease,BNL,Financials,9/17/20,33.5,$17.00,$16.11,$24.14,42.00%,S/O
Pactiv Evergreen,PTVE,Consumer Goods,9/17/20,41,$14.00,$10.93,$15.51,10.79%,S/O
"Sumo Logic, Inc.",SUMO,Technology,9/17/20,14.8,$22.00,$26.88,$20.95,-4.77%,S/O
JFrog Ltd.,FROG,Technology,9/16/20,11.6,$44.00,$64.79,$45.93,4.39%,S/O
Snowflake,SNOW,Technology,9/16/20,28,$120.00,$253.93,$250.57,108.81%,S/O
"Applied UV, Inc.",AUVI,Consumer Goods,8/31/20,1,$5.00,$11.60,$9.48,89.60%,S/O
Harbor Custom Development,HCDI,Financials,8/28/20,1.8,$6.00,$7.50,$3.60,-40.00%,S/O
XPeng,XPEV,Consumer Goods,8/27/20,99.7,$15.00,$21.22,$38.36,155.73%,S/O
Kymera Therapeutics,KYMR,Health Care,8/21/20,8.7,$20.00,$33.26,$49.69,148.45%,S/O
Nano-X Imaging Ltd.,NNOX,Health Care,8/21/20,9.2,$18.00,$21.70,$28.62,59.00%,S/O
Harmony Biosciences Holdings,HRMY,Health Care,8/19/20,5.4,$24.00,$37.01,$33.24,38.50%,S/O
Inhibrx,INBX,Health Care,8/19/20,7,$17.00,$20.63,$24.78,45.76%,S/O
CureVac B.V.,CVAC,Health Care,8/14/20,13.3,$16.00,$55.90,$125.00,681.25%,S/O
Duck Creek Technologies,DCT,Technology,8/14/20,15,$27.00,$40.00,$38.40,42.22%,S/O
NETSTREIT,NTST,Financials,8/13/20,12.5,$18.00,$17.75,$23.44,30.22%,S/O
FS Development,FSDC,Blank Check,8/12/20,10.5,$10.00,$10.30,$13.22,32.20%,S/O
ARYA Sciences Acquisition Corp III,ARYA,Blank Check,8/7/20,13,$10.00,$10.44,$10.49,4.90%,S/O
Checkmate Pharmaceuticals,CMPI,Health Care,8/7/20,5,$15.00,$14.00,$6.82,-54.53%,S/O
Freeline Therapeutics Holdings plc,FRLN,Health Care,8/7/20,8.8,$18.00,$18.00,$9.70,-46.11%,S/O
IBEX Ltd.,IBEX,Technology,8/7/20,4.8,$19.00,$15.40,$20.67,8.79%,S/O
Acutus Medical,AFIB,Health Care,8/6/20,8.8,$18.00,$26.50,$17.73,-1.50%,S/O
Oak Street Health,OSH,Health Care,8/6/20,15.6,$21.00,$40.00,$57.95,175.95%,S/O
Rocket Companies,RKT,Financials,8/6/20,100,$18.00,$21.51,$19.90,10.56%,S/O
BigCommerce Holdings,BIGC,Technology,8/5/20,9,$24.00,$72.27,$60.98,154.08%,S/O
Rackspace Technology,RXT,Consumer Services,8/5/20,33.5,$21.00,$15.39,$21.01,0.05%,S/O
Health Sciences Acquisitions Corp 2,HSAQ,Blank Check,8/4/20,13.9,$10.00,$11.40,$10.20,2.00%,S/O
1847 Goedeker,GOED,Consumer Goods,7/31/20,1.1,$9.00,$8.90,$3.14,-65.11%,S/O
Fathom Holdings,FTHM,Financials,7/31/20,3.4,$10.00,$10.03,$31.78,217.80%,S/O
Vasta Platform Limited,VSTA,Consumer Services,7/31/20,18.6,$19.00,$18.85,$8.67,-54.37%,S/O
"Vital Farms, Inc.",VITL,Consumer Goods,7/31/20,9.3,$22.00,$35.26,$22.51,2.32%,S/O
AlloVir,ALVR,Health Care,7/30/20,16.3,$17.00,$25.39,$24.40,43.53%,S/O
Li Auto,LI,Consumer Goods,7/30/20,95,$11.50,$16.46,$26.68,132.00%,S/O
Vertex,VERX,Technology,7/29/20,21.2,$19.00,$23.93,$18.71,-1.53%,S/O
Annexon,ANNX,Health Care,7/24/20,14.8,$17.00,$17.76,$22.99,35.24%,S/O
Inozyme Pharma,INZY,Health Care,7/24/20,7,$16.00,$17.54,$17.92,12.00%,S/O
iTeos Therapeutics,ITOS,Health Care,7/24/20,10.6,$19.00,$19.05,$18.78,-1.16%,S/O
Nurix Therapeutics,NRIX,Health Care,7/24/20,11,$19.00,$19.01,$31.24,64.42%,S/O
Montrose Environmental Group,MEG,Consumer Services,7/23/20,10,$15.00,$22.00,$51.71,244.73%,S/O
Skillful Craftsman Education Technology Ltd.,EDTK,Consumer Services,7/23/20,3,$5.00,$4.75,$2.43,-51.40%,S/O
Jamf Holding,JAMF,Technology,7/22/20,18,$26.00,$39.20,$36.35,39.81%,S/O
ALX Oncology Holdings,ALXO,Health Care,7/17/20,8.5,$19.00,$30.00,$58.84,209.68%,S/O
Berkeley Lights,BLI,Health Care,7/17/20,8.1,$22.00,$65.45,$43.26,96.64%,S/O
Pandion Therapeutics Holdco,PAND,Health Care,7/17/20,7.5,$18.00,$18.10,$60.05,233.61%,S/O
Relay Therapeutics,RLAY,Health Care,7/16/20,20,$20.00,$35.05,$34.97,74.85%,S/O
Trean Insurance Group,TIG,Financials,7/16/20,10.7,$15.00,$15.51,$15.82,5.47%,S/O
GoHealth,GOCO,Financials,7/15/20,43.5,$21.00,$19.13,$11.10,-47.14%,S/O
nCino,NCNO,Technology,7/14/20,8.1,$31.00,$91.59,$61.79,99.32%,S/O
Nkarta,NKTX,Health Care,7/10/20,14,$18.00,$47.90,$26.31,46.17%,S/O
Poseida Therapeutics,PSTX,Health Care,7/10/20,14,$16.00,$15.35,$8.68,-45.75%,S/O
Quhuo Limited,QH,Consumer Services,7/10/20,3.3,$10.00,$12.77,$4.35,-56.50%,S/O
BlueCity Holdings,BLCT,Technology,7/8/20,5.3,$16.00,$23.43,$7.50,-53.13%,S/O
Therapeutics Acquisition,TXAC,Blank Check,7/8/20,11.8,$10.00,$12.02,$13.30,33.00%,S/O
Accolade,ACCD,Consumer Services,7/2/20,10,$22.00,$29.70,$52.17,137.14%,S/O
Lemonade,LMND,Financials,7/2/20,11,$29.00,$69.41,$99.01,241.41%,S/O
Dun & Bradstreet Holdings,DNB,Consumer Services,7/1/20,78.3,$22.00,$25.35,$21.24,-3.45%,S/O
Agora,API,Technology,6/26/20,17.5,$20.00,$50.50,$40.41,102.05%,S/O
Akouos,AKUS,Health Care,6/26/20,12.5,$17.00,$22.00,$14.36,-15.53%,S/O
Albertsons Companies,ACI,Consumer Goods,6/26/20,50,$16.00,$15.45,$20.47,27.94%,S/O
Ebang International Holdings,EBON,Technology,6/26/20,19.3,$5.23,$5.00,$3.31,-36.71%,S/O
Fusion Pharmaceuticals,FUSN,Health Care,6/26/20,12.5,$17.00,$17.00,$8.19,-51.82%,S/O
PolyPid,PYPD,Health Care,6/26/20,3.8,$16.00,$19.00,$9.35,-41.56%,S/O
Forma Therapeutics Holdings,FMTX,Health Care,6/19/20,13.9,$20.00,$39.00,$30.33,51.65%,S/O
Genetron Holdings,GTH,Health Care,6/19/20,16,$16.00,$16.00,$20.29,26.81%,S/O
Progenity,PROG,Health Care,6/19/20,6.7,$15.00,$13.12,$2.37,-84.20%,S/O
Repare Therapeutics,RPTX,Health Care,6/19/20,11,$20.00,$30.80,$33.14,65.70%,S/O
Royalty Pharma plc,RPRX,Health Care,6/16/20,77.7,$28.00,$44.50,$46.46,65.93%,S/O
Avidity Biosciences,RNA,Health Care,6/12/20,14.4,$18.00,$28.50,$24.00,33.33%,S/O
AZEK Company (The),AZEK,Consumer Goods,6/12/20,33.3,$23.00,$27.15,$41.76,81.57%,S/O
Burning Rock Biotech Ltd.,BNR,Health Care,6/12/20,13.5,$16.50,$24.63,$28.56,73.09%,S/O
Generation Bio,GBIO,Health Care,6/12/20,10.5,$19.00,$24.69,$28.00,47.37%,S/O
Vaxcyte,PCVX,Health Care,6/12/20,15.6,$16.00,$26.15,$22.99,43.69%,S/O
Lantern Pharma,LTRN,Health Care,6/11/20,1.8,$15.00,$14.95,$16.05,7.00%,S/O
uCloudlink Group,UCL,Telecommunications,6/10/20,2,$18.00,$17.24,$11.30,-37.22%,S/O
Hudson Executive Investment,HECCU,Blank Check,6/9/20,36,$10.00,$10.25,$10.61,6.10%,S/O
Vroom,VRM,Consumer Services,6/9/20,21.3,$22.00,$47.90,$43.38,97.18%,S/O